<org.simbrain.world.threedworld.ThreeDWorld>
  <engine/>
  <scene>
    <name>Scenes/GrassyPlain.j3o</name>
  </scene>
  <entities>
    <org.simbrain.world.threedworld.entities.Agent>
      <model>
        <engine reference="../../../../engine"/>
        <name>Mouse0</name>
        <fileName>Models/Mouse.j3o</fileName>
        <position>
          <x>-6.140324</x>
          <y>0.4113463</y>
          <z>7.8285184</z>
        </position>
        <rotation>
          <x>1.4371067E-8</x>
          <y>0.96442544</y>
          <z>-3.9391965E-9</z>
          <w>0.26435497</w>
        </rotation>
      </model>
      <sensors>
        <org.simbrain.world.threedworld.entities.VisionSensor>
          <agent reference="../../.."/>
          <headOffset>
            <x>0.0</x>
            <y>1.25</y>
            <z>2.25</z>
          </headOffset>
          <width>10</width>
          <height>10</height>
          <mode>0</mode>
        </org.simbrain.world.threedworld.entities.VisionSensor>
      </sensors>
      <effectors>
        <org.simbrain.world.threedworld.entities.WalkingEffector>
          <agent reference="../../.."/>
          <walkSpeed>3.0</walkSpeed>
          <turnSpeed>3.0</turnSpeed>
          <idleAnimName>Idle</idleAnimName>
          <walkAnimName>Walk</walkAnimName>
          <turnAnimName>Idle</turnAnimName>
          <idleAnimSpeed>1.0</idleAnimSpeed>
          <walkAnimSpeed>3.0</walkAnimSpeed>
          <turnAnimSpeed>1.0</turnAnimSpeed>
          <walking>0.71143377</walking>
          <turning>-0.016437786</turning>
          <moving>false</moving>
        </org.simbrain.world.threedworld.entities.WalkingEffector>
      </effectors>
    </org.simbrain.world.threedworld.entities.Agent>
    <org.simbrain.world.threedworld.entities.ModelEntity>
      <engine reference="../../../engine"/>
      <name>Model1</name>
      <fileName>Models/UVSphere.j3o</fileName>
      <position>
        <x>-4.0853043</x>
        <y>0.99890673</y>
        <z>-15.469802</z>
      </position>
      <rotation>
        <x>0.7802985</x>
        <y>0.011166463</y>
        <z>-0.29787463</z>
        <w>0.54980016</w>
      </rotation>
    </org.simbrain.world.threedworld.entities.ModelEntity>
    <org.simbrain.world.threedworld.entities.ModelEntity>
      <engine reference="../../../engine"/>
      <name>Model2</name>
      <fileName>Models/UVSphere.j3o</fileName>
      <position>
        <x>-26.045637</x>
        <y>0.9971862</y>
        <z>14.298574</z>
      </position>
      <rotation>
        <x>0.2228917</x>
        <y>0.048093062</y>
        <z>-0.03430983</z>
        <w>0.9730515</w>
      </rotation>
    </org.simbrain.world.threedworld.entities.ModelEntity>
  </entities>
  <cameraController>
    <world reference="../.."/>
    <position>
      <x>-34.4559</x>
      <y>13.489426</y>
      <z>3.966098</z>
    </position>
    <fieldOfView>80.0</fieldOfView>
    <nearClip>0.1</nearClip>
    <farClip>100.0</farClip>
    <moveSpeed>5.0</moveSpeed>
    <rotateSpeed>10.0</rotateSpeed>
    <zoomSpeed>1.0</zoomSpeed>
    <homePosition>
      <x>0.0</x>
      <y>2.5</y>
      <z>0.0</z>
    </homePosition>
    <homeRotation>
      <float>0.0</float>
      <float>0.0</float>
      <float>0.0</float>
    </homeRotation>
    <homeZoom>80.0</homeZoom>
    <yawAxis>
      <x>0.0</x>
      <y>1.0</y>
      <z>0.0</z>
    </yawAxis>
    <cameraBounds>
      <checkPlane>0</checkPlane>
      <center>
        <x>0.0</x>
        <y>17.0</y>
        <z>0.0</z>
      </center>
      <xExtent>64.0</xExtent>
      <yExtent>16.0</yExtent>
      <zExtent>64.0</zExtent>
    </cameraBounds>
  </cameraController>
  <idCounter>
    <value>3</value>
  </idCounter>
</org.simbrain.world.threedworld.ThreeDWorld>