<Workspace>
  <archivedComponents>
    <Component>
      <className>org.simbrain.world.threedworld.ThreeDWorldComponent</className>
      <name>3D World</name>
      <uri>components/0_3D_World.xml</uri>
      <id>0</id>
      <format>xml</format>
      <desktopComponent>
        <className>org.simbrain.world.threedworld.ThreeDDesktopComponent</className>
        <uri>guis/0_3D_World.xml</uri>
        <format>xml</format>
      </desktopComponent>
    </Component>
    <Component>
      <className>org.simbrain.network.NetworkComponent</className>
      <name>Network1</name>
      <uri>components/1_Network1.xml</uri>
      <id>1</id>
      <format>xml</format>
      <desktopComponent>
        <className>org.simbrain.network.desktop.NetworkDesktopComponent</className>
        <uri>guis/1_Network1.xml</uri>
        <format>xml</format>
      </desktopComponent>
    </Component>
  </archivedComponents>
  <archivedCouplings>
    <Coupling>
      <archivedProducer>
        <parentComponentRef>components/1_Network1.xml</parentComponentRef>
        <baseObjectKey>Neuron_11</baseObjectKey>
        <methodBaseName>getActivation</methodBaseName>
        <dataType>double</dataType>
        <description>Neuron_11:getActivation</description>
      </archivedProducer>
      <archivedConsumer>
        <parentComponentRef>components/0_3D_World.xml</parentComponentRef>
		<baseObjectKey>Mouse0:Effector:WalkingEffector</baseObjectKey>
        <methodBaseName>queueWalking</methodBaseName>
        <dataType>double</dataType>
        <argumentDataTypes>
          <java-class>double</java-class>
        </argumentDataTypes>
        <description>WalkingEffector:Walk</description>
      </archivedConsumer>
    </Coupling>
    <Coupling>
      <archivedProducer>
        <parentComponentRef>components/1_Network1.xml</parentComponentRef>
        <baseObjectKey>Neuron_12</baseObjectKey>
        <methodBaseName>getActivation</methodBaseName>
        <dataType>double</dataType>
        <description>Neuron_12:getActivation</description>
      </archivedProducer>
      <archivedConsumer>
        <parentComponentRef>components/0_3D_World.xml</parentComponentRef>
		<baseObjectKey>Mouse0:Effector:WalkingEffector</baseObjectKey>
        <methodBaseName>queueTurning</methodBaseName>
        <dataType>double</dataType>
        <argumentDataTypes>
          <java-class>double</java-class>
        </argumentDataTypes>
        <description>WalkingEffector:Turn</description>
      </archivedConsumer>
    </Coupling>
    <Coupling>
      <archivedProducer>
        <parentComponentRef>components/0_3D_World.xml</parentComponentRef>
		<baseObjectKey>Mouse0:Sensor:VisionSensor</baseObjectKey>
        <methodBaseName>getRed</methodBaseName>
        <dataType>[D</dataType>
        <description>VisionSensor:Red[10x10]</description>
      </archivedProducer>
      <archivedConsumer>
        <parentComponentRef>components/1_Network1.xml</parentComponentRef>
        <baseObjectKey>NeuronGroup:Group_4</baseObjectKey>
        <methodBaseName>setInputValues</methodBaseName>
        <dataType>[D</dataType>
        <argumentDataTypes>
          <java-class>[D</java-class>
        </argumentDataTypes>
        <description>Group_4:setInputValues</description>
      </archivedConsumer>
    </Coupling>
    <Coupling>
      <archivedProducer>
        <parentComponentRef>components/0_3D_World.xml</parentComponentRef>
		<baseObjectKey>Mouse0:Sensor:VisionSensor</baseObjectKey>
        <methodBaseName>getGreen</methodBaseName>
        <dataType>[D</dataType>
        <description>VisionSensor:Green[10x10]</description>
      </archivedProducer>
      <archivedConsumer>
        <parentComponentRef>components/1_Network1.xml</parentComponentRef>
        <baseObjectKey>NeuronGroup:Group_6</baseObjectKey>
        <methodBaseName>setInputValues</methodBaseName>
        <dataType>[D</dataType>
        <argumentDataTypes>
          <java-class>[D</java-class>
        </argumentDataTypes>
        <description>Group_6:setInputValues</description>
      </archivedConsumer>
    </Coupling>
    <Coupling>
      <archivedProducer>
        <parentComponentRef>components/0_3D_World.xml</parentComponentRef>
		<baseObjectKey>Mouse0:Sensor:VisionSensor</baseObjectKey>
        <methodBaseName>getBlue</methodBaseName>
        <dataType>[D</dataType>
        <description>VisionSensor:Blue[10x10]</description>
      </archivedProducer>
      <archivedConsumer>
        <parentComponentRef>components/1_Network1.xml</parentComponentRef>
        <baseObjectKey>NeuronGroup:Group_9</baseObjectKey>
        <methodBaseName>setInputValues</methodBaseName>
        <dataType>[D</dataType>
        <argumentDataTypes>
          <java-class>[D</java-class>
        </argumentDataTypes>
        <description>Group_9:setInputValues</description>
      </archivedConsumer>
    </Coupling>
  </archivedCouplings>
  <archivedActions>
    <UpdateAction>
      <updateAction class="org.simbrain.workspace.updater.UpdateAllBuffered"/>
    </UpdateAction>
  </archivedActions>
  <workspaceParameters>
    <savedTime>13535</savedTime>
    <updateDelay>0</updateDelay>
  </workspaceParameters>
</Workspace>